CVE ID,Primary Impact,Secondary Impact,Exploitation Technique,Uncategorized,Phase
CVE-2019-15243,T1059,,T1190; T1078,,Phase 2
CVE-2019-15976,T1068,T1059,T1190,,Phase 2
CVE-2019-15956,T1499; T1098,,T1190; T1078,,Phase 2
CVE-2019-15958,T1059,,T1190,,Phase 2
CVE-2019-12660,T1574,T1562,T1078,,Phase 2
CVE-2019-1753,T1068,T1059,T1190; T1078,,Phase 2
CVE-2019-1860,T1557,T1005,,,Phase 2
CVE-2019-1831,T1036,T1566,,,Phase 2
CVE-2019-1942,T1059,T1005; T1565.001,T1133; T1078,,Phase 2
CVE-2019-15972,T1059,T1005; T1565.001,T1133; T1078,,Phase 2
CVE-2019-16009,T1608,,T1204.001,,Phase 2
CVE-2019-1879,T1068,T1059,T1078,,Phase 2
CVE-2019-1863,T1068,T1565.001,T1190; T1078,,Phase 2
CVE-2020-3403,T1068,T1059,T1078,,Phase 2
CVE-2019-1941,T1059.007,T1557,T1204.001,,Phase 2
CVE-2020-3292,T1499.004,T1059,T1190; T1078,,Phase 2
CVE-2018-15397,T1529,,T1190,,Phase 2
CVE-2020-3253,T1059,,T1078,,Phase 2
CVE-2019-1838,T1059.007,T1557,T1204.001,,Phase 2
CVE-2020-3233,T1059.007,T1557,T1204.001,,Phase 2
CVE-2018-15401,T1608,,T1204.001,,Phase 2
CVE-2019-15249,T1059,,T1190; T1078,,Phase 2
CVE-2019-15280,T1059.007,T1557,T1189,,Phase 2
CVE-2019-15288,T1608,,T1133; T1078,,Phase 2
CVE-2019-1781,T1608,T1059,T1078,,Phase 2
CVE-2020-3460,T1565.002,T1185,,,Phase 2
CVE-2020-3137,T1059.007,T1557,T1204.001,,Phase 2
CVE-2020-3312,T1005,,T1190,,Phase 2
CVE-2019-1768,T1608,T1059,T1078,,Phase 2
CVE-2020-3379,T1608,,T1078,,Phase 2
CVE-2019-1724,T1563,,,,Phase 2
CVE-2019-1817,T1529,,T1190,,Phase 2
CVE-2020-3477,T1005,,T1078,,Phase 2
CVE-2019-1794,T1574.008,,T1078,,Phase 2
CVE-2019-1620,T1105,T1059,,,Phase 2
CVE-2020-3216,T1068,T1059,,,Phase 2
CVE-2020-3306,T1499,,T1190,,Phase 2
CVE-2019-1886,T1489,,,,Phase 2
CVE-2019-1711,T1489,,,,Phase 2
CVE-2020-3375,T1059,,T1190,,Phase 2
CVE-2019-1857,T1608,,T1204.001,,Phase 2
CVE-2019-1703,T1499.002,,,,Phase 2
CVE-2019-15963,T1005,,T1078,,Phase 2
CVE-2019-1689,T1105,T1565.001; T1531,,,Phase 2
CVE-2020-3476,T1565.001,,T1078,,Phase 2
CVE-2018-15466,T1608,T1005,,,Phase 2
CVE-2019-15287,T1059,,T1204.002,,Phase 2
CVE-2019-15998,T1133,,T1078,,Phase 2
CVE-2019-1889,T1068,,T1078,,Phase 2
CVE-2020-3134,T1489,,,,Phase 2
CVE-2019-1736,T1542.001,,,,Phase 2
CVE-2020-3120,T1499,,,,Phase 2
CVE-2019-1764,T1068,,T1204.001,,Phase 2
CVE-2019-1943,T1565.002,T1189,T1557,,Phase 2
CVE-2019-1665,T1059.007,T1557,T1204.001,,Phase 2
CVE-2019-15994,T1059.007,T1557,T1204.001,,Phase 2
CVE-2019-1747,T1477,T1489,,,Phase 2
CVE-2019-15959,T1059,,T1091,,Phase 2
CVE-2019-15974,T1565.002,T1189,,,Phase 2
CVE-2019-1772,T1059,,T1566; T1204.002,,Phase 2
CVE-2020-3133,T1190,,T1566.001,,Phase 2
CVE-2019-12696,T1190,,T1204.002,,Phase 2
CVE-2020-3387,T1068,,T1190; T1133,,Phase 2
CVE-2018-15393,T1059.007,T1557,T1204.001,,Phase 2
CVE-2019-1594,T1499.004,,T1190,,Phase 2
CVE-2020-3440,T1565.001,,T1566; T1204.002,,Phase 2
CVE-2019-1876,T1190,T1068,,,Phase 2
CVE-2020-3121,T1059.007,T1557,T1204.001,,Phase 2
CVE-2019-1612,T1059,T1068,T1078; T1133,,Phase 2
CVE-2019-1715,T1078; T1557; T1040,,T1110,,Phase 2
CVE-2019-1609,T1059,T1068,T1078,,Phase 2
CVE-2019-1836,T1565.001,,T1133,,Phase 2
CVE-2019-15289,T1499.004,,T1190,,Phase 2
CVE-2018-15444,T1059,T1005,T1133,,Phase 2
CVE-2019-1611,T1059,T1068,T1078,,Phase 2
CVE-2020-3407,T1499.004,,T1190,,Phase 2
CVE-2020-3237,T1565.001,,T1133,,Phase 2
CVE-2018-15376,T1574; T1499.004,,T1566; T1091; T1204.002,,Phase 2
CVE-2019-15276,T1499.004,,T1189; T1190; T1566,,Phase 2
CVE-2020-3416,T1542.004,,T1078,,Phase 2
CVE-2020-3126,T1080; T1204.002,,T1190,,Phase 2
CVE-2020-3356,T1059.007,T1557,T1204.001,,Phase 2
CVE-2019-1915,T1068,T1098,T1189; T1190; T1566; T1204.002,,Phase 2
CVE-2019-1746,T1499.004,,T1190,,Phase 2
CVE-2020-3397,T1499.004,,T1190,,Phase 2
CVE-2019-1812,T1059,T1548,T1078,,Phase 2
CVE-2020-3322,T1499.004,,T1566; T1204.002,,Phase 2
CVE-2020-3198,T1574; T1499.004,,T1189; T1190; T1133; T1566; T1204.002; T1091,,Phase 2
CVE-2020-3309,T1574,T1565.001,T1190; T1133,,Phase 2
CVE-2020-3177,T1005,,T1190,,Phase 2
CVE-2020-3510,T1499.004,,T1190,,Phase 2
CVE-2020-3513,T1542.004,,T1078,,Phase 2
CVE-2020-3409,T1499.004,,T1190,,Phase 2
CVE-2020-3349,T1059.007,T1557,T1204.001,,Phase 2
CVE-2018-15392,T1499.004,,T1190,,Phase 2
CVE-2018-15462,T1499,,T1190,,Phase 2
CVE-2019-1704,T1499,,T1190,,Phase 2
CVE-2020-3244,T1211,,T1190,,Phase 2
CVE-2020-3240,T1005; T1505.003,T1003.008; T1552.001; T1059,T1133,,Phase 2
CVE-2019-1790,T1059,T1068,T1078,,Phase 2
CVE-2020-5364,T1078.001,T1005,,,Phase 2
CVE-2019-3707,T1190,,,,Phase 2
CVE-2019-3735,T1068,,T1078,,Phase 2
CVE-2018-11048,T1059,T1005; T1499.004,T1133,,Phase 2
CVE-2019-3754,T1059.007,T1557,T1204.001,,Phase 2
CVE-2020-5374,T1078.001,,,,Phase 2
CVE-2018-15771,T1078.001,T1005,,,Phase 2
CVE-2018-15782,T1068,,T1566; T1204.002,,Phase 2
CVE-2019-3723,T1485,T1059; T1574,T1190,,Phase 2
CVE-2018-11045,T1078,,T1110,,Phase 2
CVE-2020-5345,T1190,,T1565.001,,Phase 2
CVE-2020-5336,T1059.007,T1557,T1204.001,,Phase 2
CVE-2018-15795,T1078,,T1110,,Phase 2
CVE-2020-5365,T1078.001,,T1110,,Phase 2
CVE-2019-3717,T1548,,T1200,,Phase 2
CVE-2019-3732,T1005,,T1190,,Phase 2
CVE-2019-3731,T1005,,T1190,,Phase 2
CVE-2020-5326,T1068,T1542.001,,,Phase 2
CVE-2018-15776,T1059,,T1190,,Phase 2
CVE-2019-18573,T1563,,,,Phase 2
CVE-2019-3727,T1059,T1068,,,Phase 2
CVE-2019-3728,T1489,,,,Phase 2
CVE-2019-3790,T1563,,T1078,,Phase 2
CVE-2019-3719,T1059,,T1204.002,,Phase 2
CVE-2018-15764,T1059,,T1190,,Phase 2
CVE-2018-11084,T1496,,,,Phase 2
CVE-2020-5339,T1059.007,T1185,T1189,,Phase 2
CVE-2018-15784,T1557,,,,Phase 2
CVE-2020-5386,T1005,,,,Phase 2
CVE-2019-3704,T1059,T1068,T1078,,Phase 2
CVE-2019-3799,T1005,,T1190,,Phase 2
CVE-2019-18578,T1059.007,T1185,T1189,,Phase 2
CVE-2020-5340,T1059.007,T1185,T1189,,Phase 2
CVE-2020-5358,T1068,,,,Phase 2
CVE-2020-5371,T1068,T1005,,,Phase 2
CVE-2019-3758,T1190,T1136,,,Phase 2
CVE-2018-11051,T1005,,T1190,,Phase 2
CVE-2020-5378,T1542.001,,,,Phase 2
CVE-2019-3767,T1005,,,,Phase 2
CVE-2018-15800,T1078,,T1110,,Phase 2
CVE-2018-11059,T1059.007,T1185,T1189,,Phase 2
CVE-2019-3775,T1098,,,,Phase 2
CVE-2018-11075,T1059.007,T1185,T1204.002,,Phase 2
CVE-2020-5376,T1542.001,,,,Phase 2
CVE-2018-15761,T1068,,T1078,,Phase 2
CVE-2019-3787,T1552,T1078; T1098,,,Phase 2
CVE-2018-15797,T1068,,T1552,,Phase 2
CVE-2019-3791,,,,,Phase 2
CVE-2018-15772,T1499,,,,Phase 2
CVE-2020-5331,T1005,,,,Phase 2
CVE-2020-5362,T1068,T1098,,,Phase 2
CVE-2019-18571,T1059.007,T1185,T1204.002,,Phase 2
CVE-2018-15788,,,,,Phase 2
CVE-2019-3782,T1552.001,T1098,,,Phase 2
CVE-2020-5379,T1542.001,,,,Phase 2
CVE-2019-18583,,,,,Phase 2
CVE-2018-11088,T1552,T1068,,,Phase 2
CVE-2018-11062,T1078.001,,,,Phase 2
CVE-2018-15758,T1068,,T1190,,Phase 2
CVE-2019-18586,,,,,Phase 2
CVE-2019-3780,T1552.001,T1068,,,Phase 2
CVE-2020-5369,T1068,,,,Phase 2
CVE-2020-5366,T1005,,T1190,,Phase 2
CVE-2019-3798,T1068,,T1136,,Phase 2
CVE-2019-3789,,,,,Phase 2
CVE-2018-11057,,,,,Phase 2
CVE-2020-5373,T1190,T1005,,,Phase 2
CVE-2019-3788,,T1036,T1566.002,,Phase 2
CVE-2018-11060,T1068,,,,Phase 2
CVE-2018-11067,,T1036,T1566.002,,Phase 2
CVE-2020-5328,,T1068,,,Phase 2
CVE-2019-3784,T1563,,,,Phase 2
CVE-2019-3762,T1553,,T1588.004,,Phase 2
CVE-2019-18582,T1059,,,,Phase 2
CVE-2018-11049,T1574,,,,Phase 2
CVE-2020-5350,T1059,T1098,,,Phase 2
CVE-2018-15791,,,,,Phase 2
CVE-2018-15801,,T1550.001,,,Phase 2
CVE-2019-18581,T1562,T1059,,,Phase 2
CVE-2018-11040,,,,,Phase 2
CVE-2020-5332,T1059,,,,Phase 2
CVE-2019-3778,,T1036,T1566.002,,Phase 2
CVE-2018-15774,T1068,,,,Phase 2
CVE-2018-15780,T1190,T1005,,,Phase 2
CVE-2019-3786,T1005,,T1565.001,,Phase 2
CVE-2019-3706,T1190,,,,Phase 2
CVE-2018-11072,T1055.001,,,,Phase 2
CVE-2018-11073,T1059.007,T1185,T1189,,Phase 2
CVE-2018-11087,T1557,,,,Phase 2
CVE-2019-3708,T1059.007,T1185,T1204.001,,Phase 2
CVE-2018-15767,T1548.003,,,,Phase 2
CVE-2018-11069,T1600,,T1110,,Phase 2
CVE-2019-3763,T1552,T1078 ,,,Phase 2
CVE-2019-3750,T1485,,,,Phase 2
CVE-2020-15105,T1552,T1078 ,,,Phase 2
CVE-2020-15188,T1059,,T1133,,Phase 2
CVE-2020-5250,T1036,T1478,,,Phase 2
CVE-2019-16768,T1005,,,,Phase 2
CVE-2020-15147,T1059,,T1133,,Phase 2
CVE-2020-15118,T1059,T1185,,,Phase 2
CVE-2020-5210,T1574; T1499.004,,,,Phase 2
CVE-2020-11055,T1059,T1185,,,Phase 2
CVE-2020-5283,T1059,T1185,,,Phase 2
CVE-2020-15211,T1574,,T1190,,Phase 2
CVE-2020-5220,T1005,,T1190,,Phase 2
CVE-2020-11021,T1005,,T1190,,Phase 2
CVE-2020-5269,T1059.007,T1557,T1204.001,,Phase 2
CVE-2020-11030,T1059.007,T1557,T1204.001,,Phase 2
CVE-2020-11036,T1059.007,T1185,T1189,,Phase 2
CVE-2020-15100,T1574; T1499.004,,T1078,,Phase 2
CVE-2020-15094,T1059,,T1040,,Phase 2
CVE-2020-15140,T1059,,T1133,,Phase 2
CVE-2020-11087,T1005,T1211,,,Phase 2
CVE-2020-11023,T1059.007,T1557,T1204.001,,Phase 2
CVE-2020-5290,T1563,,T1189,,Phase 2
CVE-2020-11090,T1499.004,,,,Phase 2
CVE-2020-5270,,T1036; T1059.007; T1557; T1005,T1566.002,,Phase 2
CVE-2020-5254,T1574,,T1190,,Phase 2
CVE-2020-15096,T1059,,T1190,,Phase 2
CVE-2020-11013,T1190,,,,Phase 2
CVE-2020-15095,T1552 ,,,,Phase 2
CVE-2020-15233,,T1036 ,T1566.002,,Phase 2
CVE-2020-5252,T1190,,,,Phase 2
CVE-2020-11019,T1005; T1499.004,T1211,,,Phase 2
CVE-2020-15182,T1068 ,,T1204.001,,Phase 2
CVE-2020-5264,T1059.007,T1557,T1204.001,,Phase 2
CVE-2020-11078,T1190,,,,Phase 2
CVE-2020-11050,T1190,,,,Phase 2
CVE-2020-15170,T1190; T1478 ,,,,Phase 2
CVE-2020-5295,T1005 ,,T1133,,Phase 2
CVE-2020-15189,T1505.003,T1059,T1133 ,,Phase 2
CVE-2020-15137,T1005; T1499.004,,T1190 ,,Phase 2
CVE-2020-11035,T1078; T1557; T1040,,T1110,,Phase 2
CVE-2020-5217,T1059,T1185,,,Phase 2
CVE-2020-5261,T1190 ,,T1040,,Phase 2
CVE-2020-11054,T1190,,T1189,,Phase 2
CVE-2020-4068,T1574; T1499.004,,T1189; T1190; T1133; T1566; T1204.002; T1091,,Phase 2
CVE-2020-15109,T1190,T1565,T1133,,Phase 2
CVE-2020-11082,T1059.007,T1557,T1204.001,,Phase 2
CVE-2020-15093,T1078; T1557; T1040,,T1110,,Phase 2
CVE-2020-5225,T1190,T1565,T1133,,Phase 2
CVE-2020-5266,T1059.007,T1557,T1189,,Phase 2
CVE-2020-15208,T1574; T1499.004,,,,Phase 2
CVE-2020-11010,T1059 ,T1005; T1505.003; T1136; T1190; T1565.001,T1133,,Phase 2
CVE-2019-16784,T1190; T1068,T1059.006,,,Phase 2
CVE-2020-15143,T1059,,T1133,,Phase 2
CVE-2020-11039,T1574; T1005; T1499.004,,,,Phase 2
CVE-2020-15199,T1574; T1499.004,,,,Phase 2
CVE-2019-16760,T1190,T1478,,,Phase 2
CVE-2020-15179,T1059,T1185,,,Phase 2
CVE-2020-5271,T1059.007,T1557,T1204.001,,Phase 2
CVE-2020-5231,T1078.001,T1136,,,Phase 2
CVE-2020-5279,T1190,,,,Phase 2
CVE-2020-11059,T1005,,,,Phase 2
CVE-2020-15183,T1059,T1185,,,Phase 2
CVE-2020-11044,T1499.004,,,,Phase 2
CVE-2020-5284,T1005,,,,Phase 2
CVE-2020-15162,T1059,T1185,,,Phase 2
CVE-2020-11073,T1059,,T1204.002,,Phase 2
CVE-2020-5267,T1059,T1185,,,Phase 2
CVE-2020-11068,T1574; T1499.004,,,,Phase 2
CVE-2020-5297,T1505.003,T1059,,,Phase 2
CVE-2020-5241,T1059,T1185,,,Phase 2
CVE-2020-5253,T1574; T1499.004,,T1478,,Phase 2
CVE-2020-15132,T1589,,,,Phase 2
CVE-2019-16782,T1563,,T1110,,Phase 2
CVE-2020-11045,T1005,,,,Phase 2
CVE-2020-11083,,T1185,,,Phase 2
CVE-2020-11048,,,,,Phase 2
CVE-2020-5281,T1059,,,,Phase 2
CVE-2020-6986,T0814; T1499,,,,Phase 2
CVE-2018-17934,,T1036; T1005; T1203,T1202,,Phase 2
CVE-2020-12029,T1505.003,T1059,T1133,,Phase 2
CVE-2018-7520,T1552.001,,,,Phase 2
CVE-2018-7499,T1574; T1499.004,,,,Phase 2
CVE-2019-6522,T1005; T1499.004,,,,Phase 2
CVE-2019-10980,T1574; T1499.004,,,,Phase 2
CVE-2019-6538,T1574; T1499.004; T1005; T1557,,T0860; T1477,,Phase 2
CVE-2018-7526,T1005,,,,Phase 2
CVE-2018-5445,T1005,,,,Phase 2
CVE-2018-5454,T1203,,,,Phase 2
CVE-2018-14819,T1574,,,,Phase 2
CVE-2020-6960,T1059,,,,Phase 2
CVE-2020-12014,T1059,,,,Phase 2
CVE-2019-13511,T1005,,T1204.001,,Phase 2
CVE-2020-12038,T1499.004,,T1204.001,,Phase 2
CVE-2019-6563,T1539,T1078,T1110,,Phase 2
CVE-2018-19007,T1059,,T1133,,Phase 2
CVE-2018-18990,T1005,,,,Phase 2
CVE-2018-14781,T1190,,T1040,,Phase 2
CVE-2018-10633,T1078.001,,,,Phase 2
CVE-2018-10610,T1574; T1499.004; T1005; T1557,,,,Phase 2
CVE-2018-14809,T1574; T1499.004; T1005; T1557,,,,Phase 2
CVE-2018-18995,,T0816; T1529; T0855; T0836; T1213,,,Phase 2
CVE-2018-5459,T0855,T0833; T1005; T1485; T1565.001,,,Phase 2
CVE-2019-13555,T1499,T0826,,,Phase 2
CVE-2020-12008,T1552,T0859,T0842,,Phase 2
CVE-2019-10990,T1078.001,T1066,,,Phase 2
CVE-2018-8852,T1563,,,,Phase 2
CVE-2019-10971,T1574.001,,,,Phase 2
CVE-2018-10590,T1083,,T1190,,Phase 2
CVE-2020-16200,T1496,T0826,,,Phase 2
CVE-2018-10636,T1574; T1499.004,T1068,,,Phase 2
CVE-2018-19010,T1499,,T1190,,Phase 2
CVE-2018-7500,T1068,,,,Phase 2
CVE-2019-18234,T1059,T1005; T1505.003; T1136; T1190; T1565.001,T1133,,Phase 2
CVE-2020-6964,T1190; T1068,T1059,,,Phase 2
CVE-2020-6993,T1005,,T1190,,Phase 2
CVE-2020-14510,T1078.001,T1068; T1059,,,Phase 2
CVE-2020-14508,T1059; T1499,,T1190,,Phase 2
CVE-2018-7494,T1574; T1499.004,,,,Phase 2
CVE-2020-7004,T1068,,,,Phase 2
CVE-2018-5451,T1036,,,,Phase 2
CVE-2020-10603,T1059,,T1133,,Phase 2
CVE-2018-17889,T1059,,,,Phase 2
CVE-2019-13522,T1574,,T1204.002,,Phase 2
CVE-2020-12024,T1091,,,,Phase 2
CVE-2018-17924,T0875,T0803; T0804,T0855,,Phase 2
CVE-2020-12000,T1059,,T1133,,Phase 2
CVE-2018-17910,T1574,,,,Phase 2
CVE-2018-10589,T1202,,,,Phase 2
CVE-2018-8835,T1574,,T1204.002,,Phase 2
CVE-2018-17908,T1068,,T1562,,Phase 2
CVE-2018-17900,T1552,T1078 ,,,Phase 2
CVE-2020-16211,T1005,,T1204.002,,Phase 2
CVE-2018-10620,T1574,,,,Phase 2
CVE-2018-17911,T1575,,,,Phase 2
CVE-2019-6549,T1552,T1078 ,,,Phase 2
CVE-2018-17892,T1562,,,,Phase 2
CVE-2018-14802,T1575,,,,Phase 2
CVE-2018-18987,T1059,T1574; T1499.004,,,Phase 2
CVE-2020-16198,T1036,,,,Phase 2
CVE-2019-18263,,,T1110,,Phase 2
CVE-2020-10602,T1499.004,,,,Phase 2
CVE-2019-10987,T1575,,,,Phase 2
CVE-2019-13541,T1575,,,,Phase 2
CVE-2020-0884,T1528,,T1040,,Phase 2
CVE-2020-1025,T1190,,,,Phase 2
CVE-2019-0911,T1574; T1499.004,,T1189; T1204.002,,Phase 2
CVE-2020-1111,T1068,T1005; T1565; T1485; T1136,,,Phase 2
CVE-2018-8355,T1574; T1499.004,T1005; T1565; T1485; T1136,T1189; T1204.002,,Phase 2
CVE-2019-1087,T1068,,,,Phase 2
CVE-2020-0671,T1574; T1499.004,T1005; T1565; T1485; T1136,,,Phase 2
CVE-2019-1270,T1565; T1485,,T1202,,Phase 2
CVE-2020-0898,T1574; T1499.004,,,,Phase 2
CVE-2019-1118,T1574; T1499.004,T1005; T1565; T1485; T1136,T1189; T1204.002,,Phase 2
CVE-2020-1456,T1059,T1005; T1565; T1485; T1478; T1036,,,Phase 2
CVE-2019-1086,T1068,,,,Phase 2
CVE-2020-1109,T1574; T1499.004,T1005; T1565; T1485; T1136,,,Phase 2
CVE-2019-0576,T1574; T1499.004,,T1204.002,,Phase 2
CVE-2020-1347,T1068,,,,Phase 2
CVE-2020-1163,T1485,,,,Phase 2
CVE-2020-1068,T1565,,,,Phase 2
CVE-2020-1495,T1574; T1499.004,T1005; T1565; T1485; T1136,T1204.002; T1566,,Phase 2
CVE-2020-1425,T1574; T1499.004,,,,Phase 2
CVE-2018-8248,T1574; T1499.004,T1005; T1565; T1485; T1136,T1189; T1204.002,,Phase 2
CVE-2020-0758,T1068,,T1098,,Phase 2
CVE-2020-1141,T1005,T1211,,,Phase 2
CVE-2018-8111,T1574; T1499.004,T1005; T1565; T1485; T1136,T1204.002; T1566,,Phase 2
CVE-2018-8607,T1059,T1005; T1565; T1485; T1478; T1036,,,Phase 2
CVE-2019-1021,T1068,,,,Phase 2
CVE-2020-1569,T1574; T1499.004,T1005; T1565; T1485; T1136,T1204.002; T1566,,Phase 2
CVE-2019-1423,T1565,T1068,,,Phase 2
CVE-2020-16874,T1574; T1499.004,T1005; T1565; T1485; T1136,T1204.002,,Phase 2
CVE-2019-1013,T1005,,T1204.002; T1566,,Phase 2
CVE-2019-0609,T1574; T1499.004,T1005; T1565; T1485; T1136,T1204.002; T1566,,Phase 2
CVE-2020-1190,T1068,,,,Phase 2
CVE-2018-8353,T1574; T1499.004,T1005; T1565; T1485; T1136,T1204.002; T1566,,Phase 2
CVE-2018-8110,T1574; T1499.004,T1005; T1565; T1485; T1136,T1204.002; T1566,,Phase 2
CVE-2018-8575,T1068,T1005; T1565; T1485; T1136,T1204.002; T1566,,Phase 2
CVE-2019-1031,T1059,T1005; T1565; T1485; T1478; T1036,,,Phase 2
CVE-2019-1402,T1068,,,,Phase 2
CVE-2020-0955,T1005,,,,Phase 2
CVE-2020-0981,T1134,T1068; T1497,,,Phase 2
CVE-2018-8160,T1005,T1110,T1566,,Phase 2
CVE-2019-1106,T1574; T1499.004,,T1189; T1203,,Phase 2
CVE-2019-1035,T1574; T1499.004,,T1204.002; T1203,,Phase 2
CVE-2018-8431,T1190,T1565,,,Phase 2
CVE-2018-8489,T1497,,,,Phase 2
CVE-2019-0926,T1574; T1499.004,,T1189; T1203,,Phase 2
CVE-2019-1052,T1574; T1499.004,,T1189; T1203,,Phase 2
CVE-2020-1471,T1068,,,,Phase 2
CVE-2020-0636,T1068,,,,Phase 2
CVE-2014-1812,,,,T1003; T1552.001,Phase 1
CVE-2020-11652,,,,T1005; T1190,Phase 1
CVE-2017-16651,,,,T1005; T1190,Phase 1
CVE-2015-0984,,,,T1005; T1190; T1552,Phase 1
CVE-2019-9670,,,,T1005; T1552.001,Phase 1
CVE-2018-15869,,,,T1036.; T1525,Phase 1
CVE-2020-6808,,,,T1036.005,Phase 1
CVE-2018-11749,,,,T1040; T1552,Phase 1
CVE-2012-6685,,,,T1046,Phase 1
CVE-2016-0099,,,,T1055,Phase 1
CVE-2013-3336,,,,T1055,Phase 1
CVE-2020-6820,,,,T1055; T1189,Phase 1
CVE-2019-9978,,,,T1055; T1189,Phase 1
CVE-2015-2945,,,,T1059; T1068,Phase 1
CVE-2014-4114,,,,T1059; T1068; T1211,Phase 1
CVE-2019-1458,,,,T1059; T1190,Phase 1
CVE-2010-3888,,,,T1059; T1190,Phase 1
CVE-2019-13538,,,,T1059.007; T1185,Phase 1
CVE-2015-6475,,,,T1059.007; T1185,Phase 1
CVE-2020-8835,,,,T1068,Phase 1
CVE-2020-8467,,,,T1068,Phase 1
CVE-2020-12659,,,,T1068,Phase 1
CVE-2020-10751,,,,T1068,Phase 1
CVE-2020-1027,,,,T1068,Phase 1
CVE-2019-1215,,,,T1068,Phase 1
CVE-2019-1214,,,,T1068,Phase 1
CVE-2019-0859,,,,T1068,Phase 1
CVE-2018-9862,,,,T1068,Phase 1
CVE-2018-9488,,,,T1068,Phase 1
CVE-2018-8599,,,,T1068,Phase 1
CVE-2018-5463,,,,T1068,Phase 1
CVE-2018-11776,,,,T1068,Phase 1
CVE-2017-1274,,,,T1068,Phase 1
CVE-2017-0263,,,,T1068,Phase 1
CVE-2016-5195,,,,T1068,Phase 1
CVE-2015-7910,,,,T1068,Phase 1
CVE-2015-2387,,,,T1068,Phase 1
CVE-2015-2360,,,,T1068,Phase 1
CVE-2015-0016,,,,T1068,Phase 1
CVE-2014-4113,,,,T1068,Phase 1
CVE-2014-1807,,,,T1068,Phase 1
CVE-2014-0322,,,,T1068,Phase 1
CVE-2012-0181,,,,T1068,Phase 1
CVE-2010-2884,,,,T1068,Phase 1
CVE-2010-2743,,,,T1068,Phase 1
CVE-2009-1612,,,,T1068,Phase 1
CVE-2020-5539,,,,T1068;  T1565.001; T1005,Phase 1
CVE-2017-13289,,,,T1068; T1078,Phase 1
CVE-2019-15821,,,,T1068; T1133; T1136; T1565; T1149,Phase 1
CVE-2013-0707,,,,T1068; T1189; T1203,Phase 1
CVE-2020-10817,,,,T1068; T1211,Phase 1
CVE-2019-5786,,,,T1068; T1211,Phase 1
CVE-2017-0213,,,,T1068; T1211,Phase 1
CVE-2019-2215,,,,T1068; T1404,Phase 1
CVE-2019-0808,,,,T1068; T1497,Phase 1
CVE-2017-7533,,,,T1068; T1499,Phase 1
CVE-2020-8649,,,,T1068; T1499.004,Phase 1
CVE-2020-12652,,,,T1068; T1499.004,Phase 1
CVE-2014-6324,,,,T1068; T1558.001,Phase 1
CVE-2019-5954,,,,T1068; T1565.001,Phase 1
CVE-2008-4996,,,,T1068; T1565.001,Phase 1
CVE-2017-15211,,,,T1068; T1566,Phase 1
CVE-2010-1592,,,,T1068; T1574.002,Phase 1
CVE-2017-11368,,,,T1078; T1212,Phase 1
CVE-2016-5645,,,,T1078; T1542.001,Phase 1
CVE-2011-3172,,,,T1078.003.,Phase 1
CVE-2013-0629,,,,T1083; T1078,Phase 1
CVE-2016-3298,,,,T1083; T1189,Phase 1
CVE-2017-6922,,,,T1083; T1211,Phase 1
CVE-2015-1769,,,,T1091; T1068,Phase 1
CVE-2020-7456,,,,T1091; T1203,Phase 1
CVE-2020-12464,,,,T1091; T1203,Phase 1
CVE-2020-15393,,,,T1091; T1499.001,Phase 1
CVE-2020-9804,,,,T1091; T1499.004,Phase 1
CVE-2020-11957,,,,T1110,Phase 1
CVE-2019-19735,,,,T1110,Phase 1
CVE-2018-1956,,,,T1110,Phase 1
CVE-2018-12520,,,,T1110,Phase 1
CVE-2019-11219,,,,T1110; T1190,Phase 1
CVE-2019-18872,,,,T1110.001,Phase 1
CVE-2020-9819,,,,T1114.001; T1565.001; T1485,Phase 1
CVE-2015-7912,,,,T11190; T1059,Phase 1
CVE-2015-7935,,,,T1133; T1005,Phase 1
CVE-2014-9938,,,,T1133; T1059.004,Phase 1
CVE-2016-6367,,,,T1133; T1068; T1480,Phase 1
CVE-2010-2772,,,,T1133; T1190,Phase 1
CVE-2012-5958,,,,T1133; T1203,Phase 1
CVE-2016-5180,,,,T1133; T1203; T1499.004,Phase 1
CVE-2019-11510,,,,T1133; T1212; T1083,Phase 1
CVE-2018-7506,,,,T1133; T1552.004.,Phase 1
CVE-2015-1701,,,,T1134.001.; T1068,Phase 1
CVE-2013-6129,,,,T1136; T1087; T1190,Phase 1
CVE-2015-4051,,,,T1136; T1499.004,Phase 1
CVE-2011-3056,,,,T1185,Phase 1
CVE-2012-4681,,,,T1189; T1059; T1068; T1057; T1497;  T1480,Phase 1
CVE-2012-0158,,,,T1189; T1059; T1546; T1554; T1491; T1565; T1190,Phase 1
CVE-2020-6418,,,,T1189; T1203,Phase 1
CVE-2020-5902,,,,T1189; T1203,Phase 1
CVE-2019-7286,,,,T1189; T1203,Phase 1
CVE-2019-18935,,,,T1189; T1203,Phase 1
CVE-2019-17026,,,,T1189; T1203,Phase 1
CVE-2019-13720,,,,T1189; T1203,Phase 1
CVE-2019-11886,,,,T1189; T1203,Phase 1
CVE-2018-9206,,,,T1189; T1203,Phase 1
CVE-2018-8174,,,,T1189; T1203,Phase 1
CVE-2018-8120,,,,T1189; T1203,Phase 1
CVE-2018-0798,,,,T1189; T1203,Phase 1
CVE-2016-4656,,,,T1189; T1203,Phase 1
CVE-2016-1409,,,,T1189; T1203,Phase 1
CVE-2015-2590,,,,T1189; T1203,Phase 1
CVE-2015-2425,,,,T1189; T1203,Phase 1
CVE-2014-2817,,,,T1189; T1203,Phase 1
CVE-2014-0324,,,,T1189; T1203,Phase 1
CVE-2014-0307,,,,T1189; T1203,Phase 1
CVE-2013-5211,,,,T1189; T1203,Phase 1
CVE-2013-2471,,,,T1189; T1203,Phase 1
CVE-2013-1493,,,,T1189; T1203,Phase 1
CVE-2013-0625,,,,T1189; T1203,Phase 1
CVE-2013-0422,,,,T1189; T1203,Phase 1
CVE-2011-3402,,,,T1189; T1203,Phase 1
CVE-2010-1423,,,,T1189; T1203,Phase 1
CVE-2010-1165,,,,T1189; T1203,Phase 1
CVE-2009-1862,,,,T1189; T1203,Phase 1
CVE-2009-1807,,,,T1189; T1203,Phase 1
CVE-2009-1151,,,,T1189; T1203,Phase 1
CVE-2015-1641,,,,T1189; T1203; T1055,Phase 1
CVE-2020-11901,,,,T1189; T1203; T1059.007,Phase 1
CVE-2016-7256,,,,T1189; T1203; T1134.001.,Phase 1
CVE-2016-3714,,,,T1189; T1203; T1204.001,Phase 1
CVE-2015-0071,,,,T1189; T1203; T1204.001,Phase 1
CVE-2014-4123,,,,T1189; T1203; T1204.002,Phase 1
CVE-2014-0266,,,,T1189; T1203; T1204.002,Phase 1
CVE-2010-1885,,,,T1189; T1203; T1204.002,Phase 1
CVE-2009-3459,,,,T1189; T1203; T1204.002,Phase 1
CVE-2020-13125,,,,T1189; T1203; T1204.002; T1499.004,Phase 1
CVE-2014-7187,,,,T1189; T1203; T1204.002; T1499.004,Phase 1
CVE-2011-3544,,,,T1189; T1203; T1497,Phase 1
CVE-2016-0034,,,,T1189; T1203; T1499.004,Phase 1
CVE-2015-7756,,,,T1189; T1203; T1499.004,Phase 1
CVE-2015-2426,,,,T1189; T1203; T1499.004,Phase 1
CVE-2018-0802,,,,T1189,Phase 1
CVE-2015-2424,,,,T1189,Phase 1
CVE-2012-2539,,,,T1189,Phase 1
CVE-2017-0022,,,,T1189; T1518.001,Phase 1
CVE-2019-6703,,,,T1190,Phase 1
CVE-2019-16759,,,,T1190,Phase 1
CVE-2019-15107,,,,T1190,Phase 1
CVE-2019-1132,,,,T1190,Phase 1
CVE-2019-10973,,,,T1190,Phase 1
CVE-2019-0880,,,,T1190,Phase 1
CVE-2018-8611,,,,T1190,Phase 1
CVE-2018-7602,,,,T1190,Phase 1
CVE-2018-7600,,,,T1190,Phase 1
CVE-2018-2893,,,,T1190,Phase 1
CVE-2018-2628,,,,T1190,Phase 1
CVE-2018-1000861,,,,T1190,Phase 1
CVE-2018-0101,,,,T1190,Phase 1
CVE-2017-9841,,,,T1190,Phase 1
CVE-2017-8291,,,,T1190,Phase 1
CVE-2017-3881,,,,T1190,Phase 1
CVE-2017-3066,,,,T1190,Phase 1
CVE-2017-11774,,,,T1190,Phase 1
CVE-2017-0199,,,,T1190,Phase 1
CVE-2017-0005,,,,T1190,Phase 1
CVE-2016-9192,,,,T1190,Phase 1
CVE-2015-4902,,,,T1190,Phase 1
CVE-2015-0072,,,,T1190,Phase 1
CVE-2014-8551,,,,T1190,Phase 1
CVE-2014-6287,,,,T1190,Phase 1
CVE-2014-6120,,,,T1190,Phase 1
CVE-2014-5279,,,,T1190,Phase 1
CVE-2014-1809,,,,T1190,Phase 1
CVE-2014-0050,,,,T1190,Phase 1
CVE-2013-7372,,,,T1190,Phase 1
CVE-2013-7102,,,,T1190,Phase 1
CVE-2013-5057,,,,T1190,Phase 1
CVE-2013-1289,,,,T1190,Phase 1
CVE-2013-0641,,,,T1190,Phase 1
CVE-2013-0632,,,,T1190,Phase 1
CVE-2013-0631,,,,T1190,Phase 1
CVE-2012-2520,,,,T1190,Phase 1
CVE-2012-1723,,,,T1190,Phase 1
CVE-2012-1557,,,,T1190,Phase 1
CVE-2012-0874,,,,T1190,Phase 1
CVE-2011-2900,,,,T1190,Phase 1
CVE-2011-0096,,,,T1190,Phase 1
CVE-2010-3916,,,,T1190,Phase 1
CVE-2010-3653,,,,T1190,Phase 1
CVE-2010-0817,,,,T1190,Phase 1
CVE-2009-2265,,,,T1190,Phase 1
CVE-2009-1308,,,,T1190,Phase 1
CVE-2019-5910,,,,T1190; T1005,Phase 1
CVE-2020-6974,,,,T1190; T1005; T1565,Phase 1
CVE-2020-11738,,,,T1190; T1055,Phase 1
CVE-2020-9380,,,,T1190; T1059,Phase 1
CVE-2020-10189,,,,T1190; T1059,Phase 1
CVE-2019-2729,,,,T1190; T1059,Phase 1
CVE-2019-2725,,,,T1190; T1059,Phase 1
CVE-2018-10611,,,,T1190; T1059,Phase 1
CVE-2017-18362,,,,T1190; T1059,Phase 1
CVE-2016-5062,,,,T1190; T1059,Phase 1
CVE-2015-6480,,,,T1190; T1059,Phase 1
CVE-2014-6293,,,,T1190; T1059,Phase 1
CVE-2012-6498,,,,T1190; T1059; T1505.003.,Phase 1
CVE-2014-0295,,,,T1190; T1059.001,Phase 1
CVE-2016-9684,,,,T1190; T1059.004,Phase 1
CVE-2014-7186,,,,T1190; T1059.004,Phase 1
CVE-2014-6277,,,,T1190; T1059.004,Phase 1
CVE-2014-6271,,,,T1190; T1059.004,Phase 1
CVE-2012-1795,,,,T1190; T1059.004,Phase 1
CVE-2020-9459,,,,T1190; T1059.007; T1539; T1565; T1491,Phase 1
CVE-2011-1331,,,,T1190; T1068,Phase 1
CVE-2013-0640,,,,T1190; T1068; T1078,Phase 1
CVE-2017-12637,,,,T1190; T1083,Phase 1
CVE-2013-1904,,,,T1190; T1083,Phase 1
CVE-2019-11708,,,,T1190; T1133; T1211,Phase 1
CVE-2020-13126,,,,T1190; T1203,Phase 1
CVE-2017-10271,,,,T1190; T1203,Phase 1
CVE-2016-6909,,,,T1190; T1203,Phase 1
CVE-2014-6278,,,,T1190; T1203,Phase 1
CVE-2010-5326,,,,T1190; T1203,Phase 1
CVE-2009-3041,,,,T1190; T1203,Phase 1
CVE-2020-11897,,,,T1190; T1203; T1499,Phase 1
CVE-2020-11896,,,,T1190; T1203; T1499,Phase 1
CVE-2018-7496,,,,T1190; T1211,Phase 1
CVE-2017-1001000,,,,T1190; T1491.002,Phase 1
CVE-2019-8540,,,,T1190; T1499.004,Phase 1
CVE-2019-0604,,,,T1190; T1499.004,Phase 1
CVE-2018-19207,,,,T1190; T1499.004,Phase 1
CVE-2014-3413,,,,T1190; T1499.004,Phase 1
CVE-2012-1675,,,,T1190; T1499.004,Phase 1
CVE-2011-4862,,,,T1190; T1499.004,Phase 1
CVE-2018-2894,,,,T1190; T1505.003,Phase 1
CVE-2012-6081,,,,T1190; T1505.003,Phase 1
CVE-2011-4106,,,,T1190; T1505.003,Phase 1
CVE-2018-15961,,,,T1190; T1505.003; T1491,Phase 1
CVE-2015-8562,,,,T1190; T1528; T1548; T1552,Phase 1
CVE-2013-3900,,,,T1190; T1539,Phase 1
CVE-2015-1539,,,,T1190; T1548,Phase 1
CVE-2010-3765,,,,T1190; T1548,Phase 1
CVE-2014-7235,,,,T1190; T1550,Phase 1
CVE-2012-3015,,,,T1190; T1557; T1213,Phase 1
CVE-2014-1761,,,,T1190; T1569,Phase 1
CVE-2013-4335,,,,T1190. T1005; T1565; T1499.004,Phase 1
CVE-2019-9019,,,,T1200; T1203,Phase 1
CVE-2013-3893,,,,T1202; T1059; T1203,Phase 1
CVE-2020-9818,,,,T1203,Phase 1
CVE-2020-1631,,,,T1203,Phase 1
CVE-2020-1350,,,,T1203,Phase 1
CVE-2020-0938,,,,T1203,Phase 1
CVE-2019-9791,,,,T1203,Phase 1
CVE-2019-1579,,,,T1203,Phase 1
CVE-2019-11932,,,,T1203,Phase 1
CVE-2019-0903,,,,T1203,Phase 1
CVE-2019-0803,,,,T1203,Phase 1
CVE-2018-8833,,,,T1203,Phase 1
CVE-2018-8589,,,,T1203,Phase 1
CVE-2018-7513,,,,T1203,Phase 1
CVE-2018-20838,,,,T1203,Phase 1
CVE-2018-18956,,,,T1203,Phase 1
CVE-2018-10376,,,,T1203,Phase 1
CVE-2017-5613,,,,T1203,Phase 1
CVE-2017-2404,,,,T1203,Phase 1
CVE-2017-12824,,,,T1203,Phase 1
CVE-2016-9299,,,,T1203,Phase 1
CVE-2016-2208,,,,T1203,Phase 1
CVE-2015-3864,,,,T1203,Phase 1
CVE-2014-7169,,,,T1203,Phase 1
CVE-2014-5334,,,,T1203,Phase 1
CVE-2014-0593,,,,T1203,Phase 1
CVE-2013-3897,,,,T1203,Phase 1
CVE-2013-3163,,,,T1203,Phase 1
CVE-2012-2311,,,,T1203,Phase 1
CVE-2012-1856,,,,T1203,Phase 1
CVE-2011-3192,,,,T1203,Phase 1
CVE-2011-2005,,,,T1203,Phase 1
CVE-2010-4398,,,,T1203,Phase 1
CVE-2010-2568,,,,T1203,Phase 1
CVE-2010-2152,,,,T1203,Phase 1
CVE-2010-1297,,,,T1203,Phase 1
CVE-2010-0842,,,,T1203,Phase 1
CVE-2010-0480,,,,T1203,Phase 1
CVE-2009-1800,,,,T1203,Phase 1
CVE-2009-1671,,,,T1203,Phase 1
CVE-2009-0824,,,,T1203,Phase 1
CVE-2008-2992,,,,T1203,Phase 1
CVE-2017-5638,,,,T1203; T1068,Phase 1
CVE-2015-1494,,,,T1203; T1068; T1211; T1497,Phase 1
CVE-2020-6819,,,,T1203; T1189,Phase 1
CVE-2020-10257,,,,T1203; T1189,Phase 1
CVE-2017-15919,,,,T1203; T1189,Phase 1
CVE-2017-0222,,,,T1203; T1189,Phase 1
CVE-2017-0149,,,,T1203; T1189,Phase 1
CVE-2016-9079,,,,T1203; T1189,Phase 1
CVE-2016-7189,,,,T1203; T1189,Phase 1
CVE-2016-3393,,,,T1203; T1189,Phase 1
CVE-2015-5123,,,,T1203; T1189,Phase 1
CVE-2015-2502,,,,T1203; T1189,Phase 1
CVE-2015-2419,,,,T1203; T1189,Phase 1
CVE-2014-6332,,,,T1203; T1189,Phase 1
CVE-2014-1815,,,,T1203; T1189,Phase 1
CVE-2013-2465,,,,T1203; T1189,Phase 1
CVE-2013-2423,,,,T1203; T1189,Phase 1
CVE-2012-3213,,,,T1203; T1189,Phase 1
CVE-2010-3971,,,,T1203; T1189,Phase 1
CVE-2009-1136,,,,T1203; T1189,Phase 1
CVE-2014-1776,,,,T1203; T1189; T1499,Phase 1
CVE-2013-3918,,,,T1203; T1189; T1499,Phase 1
CVE-2020-2883,,,,T1203; T1190,Phase 1
CVE-2020-0601,,,,T1203; T1190,Phase 1
CVE-2019-10149,,,,T1203; T1190,Phase 1
CVE-2018-20062,,,,T1203; T1190,Phase 1
CVE-2016-6366,,,,T1203; T1190,Phase 1
CVE-2019-3396,,,,T1203; T1190; T1083,Phase 1
CVE-2018-20250,,,,T1203; T1204.002,Phase 1
CVE-2017-8464,,,,T1203; T1204.002,Phase 1
CVE-2017-11882,,,,T1203; T1204.002,Phase 1
CVE-2017-11826,,,,T1203; T1204.002,Phase 1
CVE-2017-0261,,,,T1203; T1204.002,Phase 1
CVE-2015-6585,,,,T1203; T1204.002,Phase 1
CVE-2015-1642,,,,T1203; T1204.002,Phase 1
CVE-2015-0096,,,,T1203; T1204.002,Phase 1
CVE-2014-7247,,,,T1203; T1204.002,Phase 1
CVE-2014-6352,,,,T1203; T1204.002,Phase 1
CVE-2013-1331,,,,T1203; T1204.002,Phase 1
CVE-2010-1424,,,,T1203; T1204.002,Phase 1
CVE-2010-0840,,,,T1203; T1204.002,Phase 1
CVE-2009-4324,,,,T1203; T1204.002,Phase 1
CVE-2009-0556,,,,T1203; T1204.002,Phase 1
CVE-2019-13510,,,,T1203; T1499.004,Phase 1
CVE-2015-7925,,,,T1204.001.; T1529; T1542.001;  T1565.001,Phase 1
CVE-2019-13541,,,,T1204.002; T1203,Phase 1
CVE-2019-13527,,,,T1204.002; T1203,Phase 1
CVE-2017-8570,,,,T1204.002; T1203,Phase 1
CVE-2017-0262,,,,T1204.002; T1203,Phase 1
CVE-2016-7193,,,,T1204.002; T1203,Phase 1
CVE-2015-2509,,,,T1204.002; T1203,Phase 1
CVE-2014-0810,,,,T1204.002; T1203,Phase 1
CVE-2013-3644,,,,T1204.002; T1203,Phase 1
CVE-2010-3915,,,,T1204.002; T1203,Phase 1
CVE-2010-3333,,,,T1204.002; T1203,Phase 1
CVE-2010-2862,,,,T1204.002; T1203,Phase 1
CVE-2010-0028,,,,T1204.002; T1203,Phase 1
CVE-2009-3129,,,,T1204.002; T1203,Phase 1
CVE-2009-0927,,,,T1204.002; T1203,Phase 1
CVE-2020-1206,,,,T1210,Phase 1
CVE-2017-8543,,,,T1210,Phase 1
CVE-2017-0176,,,,T1210,Phase 1
CVE-2010-2729,,,,T1210,Phase 1
CVE-2008-4250,,,,T1210,Phase 1
CVE-2017-14323,,,,T1210; T1046; T1059,Phase 1
CVE-2014-0751,,,,T1210; T1190; T1211; T1005; T1212; T1552; T1133,Phase 1
CVE-2018-8414,,,,T1210; T1190; T1499.004,Phase 1
CVE-2020-8468,,,,T1211,Phase 1
CVE-2018-6112,,,,T1211,Phase 1
CVE-2015-7755,,,,T1211,Phase 1
CVE-2018-0560,,,,T1211; T1036,Phase 1
CVE-2018-8337,,,,T1211; TT1565; T1485,Phase 1
CVE-2018-20753,,,,T1212,Phase 1
CVE-2018-13379,,,,T1212,Phase 1
CVE-2016-6415,,,,T1212,Phase 1
CVE-2019-7287,,,,T1404,Phase 1
CVE-2015-1805,,,,T1404; T1068,Phase 1
CVE-2017-12817,,,,T1409,Phase 1
CVE-2016-4655,,,,T1456,Phase 1
CVE-2017-0493,,,,T1461; T1533,Phase 1
CVE-2019-3568,,,,T1477,Phase 1
CVE-2019-9081,,,,T1497; T1068; T1203,Phase 1
CVE-2019-11707,,,,T1499,Phase 1
CVE-2017-14934,,,,T1499,Phase 1
CVE-2009-2055,,,,T1499,Phase 1
CVE-2017-16115,,,,T1499.003,Phase 1
CVE-2020-8648,,,,T1499.004,Phase 1
CVE-2020-14059,,,,T1499.004,Phase 1
CVE-2020-12888,,,,T1499.004,Phase 1
CVE-2020-12655,,,,T1499.004,Phase 1
CVE-2020-11884,,,,T1499.004,Phase 1
CVE-2020-11668,,,,T1499.004,Phase 1
CVE-2019-16302,,,,T1499.004,Phase 1
CVE-2019-11869,,,,T1499.004,Phase 1
CVE-2018-21091,,,,T1499.004,Phase 1
CVE-2018-15454,,,,T1499.004,Phase 1
CVE-2018-14679,,,,T1499.004,Phase 1
CVE-2017-9142,,,,T1499.004,Phase 1
CVE-2017-10910,,,,T1499.004,Phase 1
CVE-2017-10810,,,,T1499.004,Phase 1
CVE-2011-1752,,,,T1499.004,Phase 1
CVE-2020-12653,,,,T1499.004; T1068,Phase 1
CVE-2020-11608,,,,T1499.004; T1068,Phase 1
CVE-2020-12769,,,,T1499.004.,Phase 1
CVE-2013-4854,,,,T1499.004.,Phase 1
CVE-2014-4148,,,,T1505; T1068; T1136; T1190,Phase 1
CVE-2016-3088,,,,T1505.003; T1190,Phase 1
CVE-2013-5576,,,,T1505.003; T1190,Phase 1
CVE-2016-3351,,,,T1518,Phase 1
CVE-2020-11651,,,,T1528; T1068; T1059,Phase 1
CVE-2020-5300,,,,T1528; T1068,Phase 1
CVE-2013-5054,,,,T1528; T1212,Phase 1
CVE-2013-7246,,,,T1548; T1211,Phase 1
CVE-2017-14486,,,,T1548; T1499.004,Phase 1
CVE-2013-5065,,,,T1548.002; T1068,Phase 1
CVE-2008-0655,,,,T1548.002; T1068,Phase 1
CVE-2010-5290,,,,T1550.002; T1552.001,Phase 1
CVE-2020-4408,,,,T1552,Phase 1
CVE-2019-13922,,,,T1552,Phase 1
CVE-2018-7259,,,,T1552; T1040,Phase 1
CVE-2018-18641,,,,T1552; T1528,Phase 1
CVE-2017-14487,,,,T1552; T1566; T1204; T880,Phase 1
CVE-2014-4077,,,,T1553; T1557; T1553.002,Phase 1
CVE-2018-0622,,,,T1557,Phase 1
CVE-2015-7931,,,,T1557,Phase 1
CVE-2014-3566,,,,T1557,Phase 1
CVE-2018-16179,,,,T1557; T1211,Phase 1
CVE-2019-12258,,,,T1563,Phase 1
CVE-2018-10299,,,,T1565.003,Phase 1
CVE-2020-1020,,,,T1566; T1203,Phase 1
CVE-2017-8759,,,,T1566; T1203,Phase 1
CVE-2017-11847,,,,T1566; T1203,Phase 1
CVE-2013-3906,,,,T1566; T1203,Phase 1
CVE-2012-6467,,,,T1566; T1203,Phase 1
CVE-2019-6340,,,,T1566.001; T1203,Phase 1
CVE-2020-4100,,,,T1574,Phase 1
CVE-2020-0688,,,,T1574; T1068,Phase 1
CVE-2019-0708,,,,T1574; T1068,Phase 1
CVE-2018-10657,,,,T1574.001,Phase 1
CVE-2009-0238,,,,T1574.001,Phase 1
CVE-2018-11049,,,,T1574.008,Phase 1
CVE-2012-1854,,,,T1574.008,Phase 1
CVE-2019-0797,,,,T1608,Phase 1
CVE-2018-8453,,,,T1608,Phase 1
CVE-2018-8440,,,,T1608,Phase 1
CVE-2018-19320,,,,T1608,Phase 1
CVE-2016-7255,,,,T1608,Phase 1
CVE-2016-0728,,,,T1608,Phase 1
CVE-2016-0167,,,,T1608,Phase 1
CVE-2016-0165,,,,T1608,Phase 1
CVE-2015-6175,,,,T1608,Phase 1
CVE-2015-2546,,,,T1608,Phase 1
CVE-2014-4076,,,,T1608,Phase 1
CVE-2013-6282,,,,T1608,Phase 1
CVE-2013-3660,,,,T1608,Phase 1
CVE-2012-2319,,,,T1608,Phase 1
CVE-2011-1249,,,,T1608,Phase 1
CVE-2010-3081,,,,T1608,Phase 1
CVE-2010-0232,,,,T1608,Phase 1
CVE-2008-3431,,,,T1608,Phase 1
CVE-2010-3338,,,,T1608; T1053.005,Phase 1
CVE-2018-14847,,,,T812; T1078,Phase 1
CVE-2018-18665,,,,T828,Phase 1
CVE-2018-18667,,,,T828; T1565,Phase 1
CVE-2018-17877,,,,T828; T1565,Phase 1
CVE-2018-19831,,,,T828; T1565; T1068,Phase 1
CVE-2018-19830,,,,T828; T1565; T1068,Phase 1
CVE-2018-19833,,,,T828; T1565.001,Phase 1
CVE-2019-13533,,,,T855; T842,Phase 1
CVE-2019-10980,,,,T873; T1203,Phase 1
